{
    "info": {
      "name": "ShoppyGlobe API",
      "_postman_id": "shoppyglobe-collection",
      "description": "API testing collection for ShoppyGlobe backend",
      "schema": "https://schema.getpostman.com/json/collection/v2.1.0/collection.json"
    },
    "item": [
      {
        "name": "Register User",
        "request": {
          "method": "POST",
          "header": [],
          "body": {
            "mode": "raw",
            "raw": "{\n  \"name\": \"Test User\",\n  \"email\": \"testuser@example.com\",\n  \"password\": \"password123\"\n}",
            "options": {
              "raw": {
                "language": "json"
              }
            }
          },
          "url": {
            "raw": "http://localhost:5000/api/auth/register",
            "protocol": "http",
            "host": ["localhost"],
            "port": "5000",
            "path": ["api", "auth", "register"]
          }
        }
      },
      {
        "name": "Login User",
        "request": {
          "method": "POST",
          "header": [],
          "body": {
            "mode": "raw",
            "raw": "{\n  \"email\": \"testuser@example.com\",\n  \"password\": \"password123\"\n}",
            "options": {
              "raw": {
                "language": "json"
              }
            }
          },
          "url": {
            "raw": "http://localhost:5000/api/auth/login",
            "protocol": "http",
            "host": ["localhost"],
            "port": "5000",
            "path": ["api", "auth", "login"]
          }
        }
      },
      {
        "name": "Get All Products",
        "request": {
          "method": "GET",
          "header": [],
          "url": {
            "raw": "http://localhost:5000/api/products",
            "protocol": "http",
            "host": ["localhost"],
            "port": "5000",
            "path": ["api", "products"]
          }
        }
      },
      {
        "name": "Get Single Product",
        "request": {
          "method": "GET",
          "header": [],
          "url": {
            "raw": "http://localhost:5000/api/products/:id",
            "protocol": "http",
            "host": ["localhost"],
            "port": "5000",
            "path": ["api", "products", ":id"]
          }
        }
      },
      {
        "name": "Add to Cart",
        "request": {
          "method": "POST",
          "header": [
            {
              "key": "Authorization",
              "value": "Bearer {{token}}"
            }
          ],
          "body": {
            "mode": "raw",
            "raw": "{\n  \"productId\": \"replace_with_product_id\",\n  \"quantity\": 1\n}",
            "options": {
              "raw": {
                "language": "json"
              }
            }
          },
          "url": {
            "raw": "http://localhost:5000/api/cart",
            "protocol": "http",
            "host": ["localhost"],
            "port": "5000",
            "path": ["api", "cart"]
          }
        }
      }
    ]
  }
  